user_id,collaborative,content,hybrid
1,"['Transfers', 'Love Storm', 'The Blind Christ', 'Containment', 'Star-Crossed']","['Peaky Blinders', 'Brick', 'Before the Flood', 'Catch Me If You Can', 'Dead in a Week (Or Your Money Back)']","['Dead in a Week (Or Your Money Back)', 'Containment', 'Brick', 'The Blind Christ', 'Peaky Blinders']"
2,"['The New Legends of Monkey', 'Shadow and Bone', 'The Umbrella Academy', 'Star Trek: Enterprise', 'A House of Blocks']","['Peaky Blinders', 'Brick', 'Before the Flood', 'Catch Me If You Can', 'Dead in a Week (Or Your Money Back)']","['Dead in a Week (Or Your Money Back)', 'Brick', 'The New Legends of Monkey', 'Peaky Blinders', 'Catch Me If You Can']"
3,"['House of Cards', 'Transfers', 'Love Storm', 'A Heavy Heart', 'Secret']","['Peaky Blinders', 'Brick', 'Before the Flood', 'Catch Me If You Can', 'Dead in a Week (Or Your Money Back)']","['Dead in a Week (Or Your Money Back)', 'Brick', 'Peaky Blinders', 'Catch Me If You Can', 'Transfers']"
4,"['Zero', 'The Haunted Hathaways', 'GHOUL', 'Love Storm', 'Drugs Inc.']","['Peaky Blinders', 'Brick', 'Before the Flood', 'Catch Me If You Can', 'Dead in a Week (Or Your Money Back)']","['Dead in a Week (Or Your Money Back)', 'The Haunted Hathaways', 'Zero', 'Brick', 'GHOUL']"
5,"['Kota Factory', '100 Days My Prince', 'The Next Step', '13 Reasons Why', 'Rectify']","['Peaky Blinders', 'Brick', 'Before the Flood', 'Catch Me If You Can', 'Dead in a Week (Or Your Money Back)']","['13 Reasons Why', 'Dead in a Week (Or Your Money Back)', 'The Next Step', 'Brick', 'Kota Factory']"
6,"['Case 39', 'First Kiss', 'Street Food', 'Transfers', 'Phone Swap']","['Peaky Blinders', 'Brick', 'Before the Flood', 'Catch Me If You Can', 'Dead in a Week (Or Your Money Back)']","['Dead in a Week (Or Your Money Back)', 'Brick', 'Case 39', 'Street Food', 'Peaky Blinders']"
7,"['A Love So Beautiful', 'Transfers', 'Love Storm', '6 Years', 'Phone Swap']","['Peaky Blinders', 'Brick', 'Before the Flood', 'Catch Me If You Can', 'Dead in a Week (Or Your Money Back)']","['A Love So Beautiful', 'Dead in a Week (Or Your Money Back)', 'Brick', 'Peaky Blinders', 'Catch Me If You Can']"
8,"['Puss in Boots', 'I Will Follow', 'Ash vs. Evil Dead', 'The Indian in the Cupboard', 'ThirTEEN Terrors']","['Peaky Blinders', 'Brick', 'Before the Flood', 'Catch Me If You Can', 'Dead in a Week (Or Your Money Back)']","['Dead in a Week (Or Your Money Back)', 'Brick', 'I Will Follow', 'The Indian in the Cupboard', 'ThirTEEN Terrors']"
9,"['Bangkok Breaking', 'Naruto the Movie: Ninja Clash in the Land of Snow', '21 Thunder', 'Love Storm', 'Last']","['Peaky Blinders', 'Brick', 'Before the Flood', 'Catch Me If You Can', 'Dead in a Week (Or Your Money Back)']","['Bangkok Breaking', 'Dead in a Week (Or Your Money Back)', 'Brick', 'Peaky Blinders', 'Catch Me If You Can']"
10,"['A Love So Beautiful', 'Transfers', 'Love Storm', '6 Years', 'Phone Swap']","['Peaky Blinders', 'Brick', 'Before the Flood', 'Catch Me If You Can', 'Dead in a Week (Or Your Money Back)']","['A Love So Beautiful', 'Dead in a Week (Or Your Money Back)', 'Brick', 'Peaky Blinders', 'Catch Me If You Can']"
11,"['The Ottoman Lieutenant', 'Big Stone Gap', 'Club Friday To Be Continued - Friend & Enemy', 'Jimi Hendrix', 'Sleepover']","['Peaky Blinders', 'Brick', 'Before the Flood', 'Catch Me If You Can', 'Dead in a Week (Or Your Money Back)']","['Dead in a Week (Or Your Money Back)', 'Jimi Hendrix', 'Brick', 'Big Stone Gap', 'Peaky Blinders']"
12,"['The Epic Tales of Captain Underpants', 'Spiritual House', 'Fakkah Fuzz: Almost Banned', 'Berserk: The Golden Age Arc II - The Battle for Doldrey', 'Phone Swap']","['Peaky Blinders', 'Brick', 'Before the Flood', 'Catch Me If You Can', 'Dead in a Week (Or Your Money Back)']","['Dead in a Week (Or Your Money Back)', 'Brick', 'The Epic Tales of Captain Underpants', 'Spiritual House', 'Fakkah Fuzz: Almost Banned']"
13,"['Scream', 'Life Plan A and B', 'Final Destination 2', 'Lifechanger', 'Vroomiz']","['Peaky Blinders', 'Brick', 'Before the Flood', 'Catch Me If You Can', 'Dead in a Week (Or Your Money Back)']","['Dead in a Week (Or Your Money Back)', 'Brick', 'Life Plan A and B', 'Peaky Blinders', 'Catch Me If You Can']"
14,"['Put Your Head on My Shoulder', 'Transfers', '6 Years', 'Club Friday To Be Continued - The Promise', 'Phone Swap']","['Peaky Blinders', 'Brick', 'Before the Flood', 'Catch Me If You Can', 'Dead in a Week (Or Your Money Back)']","['Dead in a Week (Or Your Money Back)', 'Brick', 'Club Friday To Be Continued - The Promise', 'Peaky Blinders', 'Catch Me If You Can']"
15,"[""JoJo's Bizarre Adventure"", 'Diablero', 'The Society', 'Tramps', ""That '70s Show""]","['Peaky Blinders', 'Brick', 'Before the Flood', 'Catch Me If You Can', 'Dead in a Week (Or Your Money Back)']","['Dead in a Week (Or Your Money Back)', ""JoJo's Bizarre Adventure"", 'Brick', 'The Society', 'Peaky Blinders']"
16,"[""What's New Scooby-Doo?"", 'Terrorism Close Calls', 'Singles Villa', 'Big Bad Beetleborgs', 'Phone Swap']","['Peaky Blinders', 'Brick', 'Before the Flood', 'Catch Me If You Can', 'Dead in a Week (Or Your Money Back)']","['Dead in a Week (Or Your Money Back)', 'Singles Villa', 'Brick', 'Peaky Blinders', 'Catch Me If You Can']"
17,"['Chicago Med', 'The Minions of Midas', 'First Kiss', '6 Years', 'Monster High: Ghouls Rule']","['Peaky Blinders', 'Brick', 'Before the Flood', 'Catch Me If You Can', 'Dead in a Week (Or Your Money Back)']","['Dead in a Week (Or Your Money Back)', 'Chicago Med', 'Brick', 'The Minions of Midas', 'Peaky Blinders']"
18,"['Marianne', 'Angel Beats!', 'Tidelands', 'Children of the Whales', 'Kingdoms of the Sky']","['Peaky Blinders', 'Brick', 'Before the Flood', 'Catch Me If You Can', 'Dead in a Week (Or Your Money Back)']","['Dead in a Week (Or Your Money Back)', 'Children of the Whales', 'Brick', 'Kingdoms of the Sky', 'Peaky Blinders']"
19,"['House of Cards', 'Diamond City', '13 Reasons Why', 'Unchained Fate', 'Highway to Heaven']","['Peaky Blinders', 'Brick', 'Before the Flood', 'Catch Me If You Can', 'Dead in a Week (Or Your Money Back)']","['13 Reasons Why', 'Dead in a Week (Or Your Money Back)', 'Highway to Heaven', 'Diamond City', 'Brick']"
20,"['Godzilla Singular Point', 'Durarara!!', 'Mr. Iglesias', 'Taylor Tomlinson: Quarter-Life Crisis', 'Case Closed']","['Peaky Blinders', 'Brick', 'Before the Flood', 'Catch Me If You Can', 'Dead in a Week (Or Your Money Back)']","['Mr. Iglesias', 'Dead in a Week (Or Your Money Back)', 'Taylor Tomlinson: Quarter-Life Crisis', 'Brick', 'Peaky Blinders']"
21,"['Hi Score Girl', 'The English Game', 'Brotherhood', 'Singles Villa', ""Oh No! It's an Alien Invasion""]","['Peaky Blinders', 'Brick', 'Before the Flood', 'Catch Me If You Can', 'Dead in a Week (Or Your Money Back)']","['Dead in a Week (Or Your Money Back)', 'Singles Villa', 'Brotherhood', 'Brick', 'Peaky Blinders']"
22,"['Todd Glass: Stand-Up Special', 'The Final Table', 'Katt Williams: The Pimp Chronicles: Pt. 1', 'A Haunting at Silver Falls: The Return', ""That '70s Show""]","['Peaky Blinders', 'Brick', 'Before the Flood', 'Catch Me If You Can', 'Dead in a Week (Or Your Money Back)']","['Dead in a Week (Or Your Money Back)', 'Brick', 'The Final Table', 'Katt Williams: The Pimp Chronicles: Pt. 1', 'Todd Glass: Stand-Up Special']"
23,"['The Next Step', 'The Perfection', ""We're Lalaloopsy"", 'Ram Teri Ganga Maili', 'Yoko']","['Peaky Blinders', 'Brick', 'Before the Flood', 'Catch Me If You Can', 'Dead in a Week (Or Your Money Back)']","['Dead in a Week (Or Your Money Back)', 'The Next Step', 'Brick', 'Yoko', 'Peaky Blinders']"
24,"['Elite Short Stories: Carla Samuel', 'Shadow and Bone', 'Ratched', 'Pokémon the Movie: Power of Us', 'Wolves']","['Peaky Blinders', 'Brick', 'Before the Flood', 'Catch Me If You Can', 'Dead in a Week (Or Your Money Back)']","['Dead in a Week (Or Your Money Back)', 'Pokémon the Movie: Power of Us', 'Brick', 'Elite Short Stories: Carla Samuel', 'Peaky Blinders']"
25,"['Indian Matchmaking', 'Nadiya Bakes', 'Shaitan', 'Love Storm', 'Last']","['Peaky Blinders', 'Brick', 'Before the Flood', 'Catch Me If You Can', 'Dead in a Week (Or Your Money Back)']","['Dead in a Week (Or Your Money Back)', 'Brick', 'Nadiya Bakes', 'Peaky Blinders', 'Catch Me If You Can']"
26,"['Surviving Death', 'Better Call Saul', 'Criminal: Spain', 'Troy', 'Skin Wars: Fresh Paint']","['Peaky Blinders', 'Brick', 'Before the Flood', 'Catch Me If You Can', 'Dead in a Week (Or Your Money Back)']","['Dead in a Week (Or Your Money Back)', 'Brick', 'Skin Wars: Fresh Paint', 'Peaky Blinders', 'Catch Me If You Can']"
27,"['A Love So Beautiful', 'Transfers', 'Love Storm', '6 Years', 'Phone Swap']","['Peaky Blinders', 'Brick', 'Before the Flood', 'Catch Me If You Can', 'Dead in a Week (Or Your Money Back)']","['A Love So Beautiful', 'Dead in a Week (Or Your Money Back)', 'Brick', 'Peaky Blinders', 'Catch Me If You Can']"
28,"['Not a Game', 'Black Butler', 'Girls und Panzer', 'The Bare-Footed Kid', 'The Bridge']","['Peaky Blinders', 'Brick', 'Before the Flood', 'Catch Me If You Can', 'Dead in a Week (Or Your Money Back)']","['Dead in a Week (Or Your Money Back)', 'The Bridge', 'Girls und Panzer', 'Brick', 'Peaky Blinders']"
29,"['2 Hearts', 'Good Burger', 'First Kiss', 'Fate/Zero', 'People Just Do Nothing']","['Peaky Blinders', 'Brick', 'Before the Flood', 'Catch Me If You Can', 'Dead in a Week (Or Your Money Back)']","['Dead in a Week (Or Your Money Back)', 'Brick', 'People Just Do Nothing', 'Fate/Zero', 'Peaky Blinders']"
30,"['Win the Wilderness', 'Better Call Saul', 'Ash vs. Evil Dead', 'Battlefield Recovery', 'Red vs. Blue']","['Peaky Blinders', 'Brick', 'Before the Flood', 'Catch Me If You Can', 'Dead in a Week (Or Your Money Back)']","['Dead in a Week (Or Your Money Back)', 'Win the Wilderness', 'Brick', 'Battlefield Recovery', 'Peaky Blinders']"
31,"['A Love So Beautiful', 'Transfers', '21 Thunder', 'Phone Swap', 'Run']","['Peaky Blinders', 'Brick', 'Before the Flood', 'Catch Me If You Can', 'Dead in a Week (Or Your Money Back)']","['A Love So Beautiful', 'Dead in a Week (Or Your Money Back)', 'Brick', 'Peaky Blinders', 'Catch Me If You Can']"
32,"['Hangar 1: The UFO Files', 'Dancing Queen', 'Troy', 'Phone Swap', 'You Can Tutu']","['Peaky Blinders', 'Brick', 'Before the Flood', 'Catch Me If You Can', 'Dead in a Week (Or Your Money Back)']","['Dead in a Week (Or Your Money Back)', 'Brick', 'You Can Tutu', 'Peaky Blinders', 'Catch Me If You Can']"
33,"['The Minions of Midas', 'Cable Girls', 'Diablero', 'Love Storm', 'Last']","['Peaky Blinders', 'Brick', 'Before the Flood', 'Catch Me If You Can', 'Dead in a Week (Or Your Money Back)']","['Dead in a Week (Or Your Money Back)', 'Brick', 'The Minions of Midas', 'Peaky Blinders', 'Catch Me If You Can']"
34,"['Nadiya Bakes', '21 Thunder', 'Love Storm', '6 Years', 'Last']","['Peaky Blinders', 'Brick', 'Before the Flood', 'Catch Me If You Can', 'Dead in a Week (Or Your Money Back)']","['Dead in a Week (Or Your Money Back)', 'Brick', 'Nadiya Bakes', 'Peaky Blinders', 'Catch Me If You Can']"
35,"['Beirut Oh Beirut', 'Transfers', 'Drugs Inc.', 'Phone Swap', 'True Grit']","['Peaky Blinders', 'Brick', 'Before the Flood', 'Catch Me If You Can', 'Dead in a Week (Or Your Money Back)']","['Dead in a Week (Or Your Money Back)', 'Beirut Oh Beirut', 'Brick', 'Peaky Blinders', 'Catch Me If You Can']"
36,"['Nadiya Bakes', 'The Nut Job', 'First Kiss', '21 Thunder', '6 Years']","['Peaky Blinders', 'Brick', 'Before the Flood', 'Catch Me If You Can', 'Dead in a Week (Or Your Money Back)']","['Dead in a Week (Or Your Money Back)', 'Brick', 'Nadiya Bakes', 'Peaky Blinders', 'Catch Me If You Can']"
37,"['The Minions of Midas', 'Transfers', 'Afflicted', 'Last', 'My Life My Story']","['Peaky Blinders', 'Brick', 'Before the Flood', 'Catch Me If You Can', 'Dead in a Week (Or Your Money Back)']","['Dead in a Week (Or Your Money Back)', 'Brick', 'My Life My Story', 'Afflicted', 'The Minions of Midas']"
38,"['A Love So Beautiful', 'Transfers', 'Love Storm', '6 Years', 'Phone Swap']","['Peaky Blinders', 'Brick', 'Before the Flood', 'Catch Me If You Can', 'Dead in a Week (Or Your Money Back)']","['A Love So Beautiful', 'Dead in a Week (Or Your Money Back)', 'Brick', 'Peaky Blinders', 'Catch Me If You Can']"
39,"['Nadiya Bakes', 'First Kiss', 'Dancing Queen', '6 Years', 'The Time Machine']","['Peaky Blinders', 'Brick', 'Before the Flood', 'Catch Me If You Can', 'Dead in a Week (Or Your Money Back)']","['Dead in a Week (Or Your Money Back)', 'Brick', 'Nadiya Bakes', 'Peaky Blinders', 'Catch Me If You Can']"
40,"['At the Dolphin Bay', 'Brotherhood', 'Pasión de Gavilanes', 'Phone Swap', 'Secret Affair']","['Peaky Blinders', 'Brick', 'Before the Flood', 'Catch Me If You Can', 'Dead in a Week (Or Your Money Back)']","['Dead in a Week (Or Your Money Back)', 'Brotherhood', 'At the Dolphin Bay', 'Secret Affair', 'Pasión de Gavilanes']"
41,"['Kota Factory', 'Record of Youth', 'First Kiss', '21 Thunder', 'Phone Swap']","['Peaky Blinders', 'Brick', 'Before the Flood', 'Catch Me If You Can', 'Dead in a Week (Or Your Money Back)']","['Dead in a Week (Or Your Money Back)', 'Brick', 'Record of Youth', 'Kota Factory', 'Peaky Blinders']"
42,"['Men on a Mission', 'Loving', ""Mama's Boy"", 'A Twelve Year Night', 'Cathedral of the Sea']","['Peaky Blinders', 'Brick', 'Before the Flood', 'Catch Me If You Can', 'Dead in a Week (Or Your Money Back)']","['Dead in a Week (Or Your Money Back)', ""Mama's Boy"", 'Brick', 'Men on a Mission', 'Peaky Blinders']"
43,"['Real Steel', 'Andaz Apna Apna', 'First Kiss', 'Transfers', 'Phone Swap']","['Peaky Blinders', 'Brick', 'Before the Flood', 'Catch Me If You Can', 'Dead in a Week (Or Your Money Back)']","['Dead in a Week (Or Your Money Back)', 'Real Steel', 'Brick', 'Peaky Blinders', 'Catch Me If You Can']"
44,"['Beyblade Burst Evolution', 'First Team: Juventus', 'ID-0', ""We're Lalaloopsy"", 'Winter Sun']","['Peaky Blinders', 'Brick', 'Before the Flood', 'Catch Me If You Can', 'Dead in a Week (Or Your Money Back)']","['First Team: Juventus', 'Dead in a Week (Or Your Money Back)', 'Winter Sun', 'Brick', 'Beyblade Burst Evolution']"
45,"['Nadiya Bakes', 'The Minions of Midas', 'First Kiss', 'Transfers', 'Phone Swap']","['Peaky Blinders', 'Brick', 'Before the Flood', 'Catch Me If You Can', 'Dead in a Week (Or Your Money Back)']","['Dead in a Week (Or Your Money Back)', 'Brick', 'Nadiya Bakes', 'The Minions of Midas', 'Peaky Blinders']"
46,"['Love Jones', 'The Sinner', 'Diamond City', 'Transfers', 'Highway to Heaven']","['Peaky Blinders', 'Brick', 'Before the Flood', 'Catch Me If You Can', 'Dead in a Week (Or Your Money Back)']","['Dead in a Week (Or Your Money Back)', 'Highway to Heaven', 'Diamond City', 'Brick', 'Peaky Blinders']"
47,"['Shadow and Bone', 'Prank Encounters', 'Parasyte: The Maxim', 'Once Upon A Time In Lingjian Mountain', ""Oh No! It's an Alien Invasion""]","['Peaky Blinders', 'Brick', 'Before the Flood', 'Catch Me If You Can', 'Dead in a Week (Or Your Money Back)']","['Dead in a Week (Or Your Money Back)', 'Prank Encounters', 'Brick', 'Peaky Blinders', 'Parasyte: The Maxim']"
48,"['Bright Star', '6 Years', 'Arisan 2', 'Haapus', 'Phone Swap']","['Peaky Blinders', 'Brick', 'Before the Flood', 'Catch Me If You Can', 'Dead in a Week (Or Your Money Back)']","['Dead in a Week (Or Your Money Back)', 'Arisan 2', 'Brick', 'Peaky Blinders', 'Catch Me If You Can']"
49,"['House Party 2', 'First Kiss', 'Running Shaadi', '6 Years', 'Ex-Boyfriend']","['Peaky Blinders', 'Brick', 'Before the Flood', 'Catch Me If You Can', 'Dead in a Week (Or Your Money Back)']","['Dead in a Week (Or Your Money Back)', 'Running Shaadi', 'Brick', 'Peaky Blinders', 'Catch Me If You Can']"
50,"['Fear Street Part 3: 1666', 'The 8th Night', 'Congo', 'The Order', 'Planet Earth II']","['Peaky Blinders', 'Brick', 'Before the Flood', 'Catch Me If You Can', 'Dead in a Week (Or Your Money Back)']","['Dead in a Week (Or Your Money Back)', 'The 8th Night', 'Brick', 'The Order', 'Peaky Blinders']"
51,"['Jurassic World Camp Cretaceous', 'Aelay', 'First Kiss', 'Edge of Fear', 'White Girl']","['Peaky Blinders', 'Brick', 'Before the Flood', 'Catch Me If You Can', 'Dead in a Week (Or Your Money Back)']","['Dead in a Week (Or Your Money Back)', 'Brick', 'Jurassic World Camp Cretaceous', 'Peaky Blinders', 'White Girl']"
52,"['Ultraviolet', 'First Kiss', '6 Years', 'Phone Swap', 'The Talented Mr. Ripley']","['Peaky Blinders', 'Brick', 'Before the Flood', 'Catch Me If You Can', 'Dead in a Week (Or Your Money Back)']","['Dead in a Week (Or Your Money Back)', 'Brick', 'Ultraviolet', 'The Talented Mr. Ripley', 'Peaky Blinders']"
53,"['The Minions of Midas', '6 Years', 'Last', 'Off Course', 'Phone Swap']","['Peaky Blinders', 'Brick', 'Before the Flood', 'Catch Me If You Can', 'Dead in a Week (Or Your Money Back)']","['Dead in a Week (Or Your Money Back)', 'Brick', 'The Minions of Midas', 'Peaky Blinders', 'Catch Me If You Can']"
54,"['Bangkok Breaking', 'Nadiya Bakes', 'The Minions of Midas', 'First Kiss', 'Singles Villa']","['Peaky Blinders', 'Brick', 'Before the Flood', 'Catch Me If You Can', 'Dead in a Week (Or Your Money Back)']","['Bangkok Breaking', 'Singles Villa', 'Dead in a Week (Or Your Money Back)', 'Brick', 'Nadiya Bakes']"
55,"['House Party 2', ""Queer Eye: We're in Japan!"", ""Edgar Rice Burroughs' Tarzan and Jane"", 'Singles Villa', 'Agent Raghav']","['Peaky Blinders', 'Brick', 'Before the Flood', 'Catch Me If You Can', 'Dead in a Week (Or Your Money Back)']","['Dead in a Week (Or Your Money Back)', 'Singles Villa', ""Edgar Rice Burroughs' Tarzan and Jane"", 'Agent Raghav', 'Brick']"
56,"['The Next Step', 'Hangar 1: The UFO Files', 'Bountiful Blessings', ""We're Lalaloopsy"", 'El Cartel']","['Peaky Blinders', 'Brick', 'Before the Flood', 'Catch Me If You Can', 'Dead in a Week (Or Your Money Back)']","['Dead in a Week (Or Your Money Back)', 'The Next Step', 'El Cartel', 'Bountiful Blessings', 'Brick']"
57,"['The Daily Life of the Immortal King', 'Seventh Son', ""Dolly Parton's Heartstrings"", 'The Stranded', 'Thaandavam']","['Peaky Blinders', 'Brick', 'Before the Flood', 'Catch Me If You Can', 'Dead in a Week (Or Your Money Back)']","['Dead in a Week (Or Your Money Back)', 'Brick', 'Thaandavam', 'Seventh Son', 'Peaky Blinders']"
58,"['Two Fathers', 'Twice Upon A Time', 'Rattlesnake', 'A Night at the Roxbury', 'Tremors 2: Aftershocks']","['Peaky Blinders', 'Brick', 'Before the Flood', 'Catch Me If You Can', 'Dead in a Week (Or Your Money Back)']","['Dead in a Week (Or Your Money Back)', 'Tremors 2: Aftershocks', 'Brick', 'Rattlesnake', 'Peaky Blinders']"
59,"['The Uncanny Counter', 'The Break with Michelle Wolf', 'Ancient Aliens', 'Enter the Dragon', 'Pasión de Gavilanes']","['Peaky Blinders', 'Brick', 'Before the Flood', 'Catch Me If You Can', 'Dead in a Week (Or Your Money Back)']","['Dead in a Week (Or Your Money Back)', 'Enter the Dragon', 'The Break with Michelle Wolf', 'Brick', 'Pasión de Gavilanes']"
60,"['The Daily Life of the Immortal King', 'Monster Run', 'Transfers', 'Phone Swap', 'Top 10 Secrets and Mysteries']","['Peaky Blinders', 'Brick', 'Before the Flood', 'Catch Me If You Can', 'Dead in a Week (Or Your Money Back)']","['Dead in a Week (Or Your Money Back)', 'Brick', 'Monster Run', 'Top 10 Secrets and Mysteries', 'Peaky Blinders']"
61,"['Heart & Soul', 'The Minions of Midas', 'GAME ON: A Comedy Crossover Event', 'First Team: Juventus', 'Trio and a Bed']","['Peaky Blinders', 'Brick', 'Before the Flood', 'Catch Me If You Can', 'Dead in a Week (Or Your Money Back)']","['First Team: Juventus', 'Dead in a Week (Or Your Money Back)', 'Trio and a Bed', 'Brick', 'The Minions of Midas']"
62,"['Hometown Cha-Cha-Cha', 'Transfers', 'Baahubali: The Beginning (English Version)', '6 Years', 'Phone Swap']","['Peaky Blinders', 'Brick', 'Before the Flood', 'Catch Me If You Can', 'Dead in a Week (Or Your Money Back)']","['Dead in a Week (Or Your Money Back)', 'Brick', 'Hometown Cha-Cha-Cha', 'Baahubali: The Beginning (English Version)', 'Peaky Blinders']"
63,"['Team Kaylie', 'First Kiss', 'Everyday I Love You', 'A Night at the Roxbury', 'Phone Swap']","['Peaky Blinders', 'Brick', 'Before the Flood', 'Catch Me If You Can', 'Dead in a Week (Or Your Money Back)']","['Dead in a Week (Or Your Money Back)', 'Brick', 'Everyday I Love You', 'Team Kaylie', 'Peaky Blinders']"
64,"['A Love So Beautiful', 'Transfers', 'Love Storm', '6 Years', 'Phone Swap']","['Peaky Blinders', 'Brick', 'Before the Flood', 'Catch Me If You Can', 'Dead in a Week (Or Your Money Back)']","['A Love So Beautiful', 'Dead in a Week (Or Your Money Back)', 'Brick', 'Peaky Blinders', 'Catch Me If You Can']"
65,"['Two Fathers', 'Destiny', '21 Thunder', 'Love Storm', 'Ex-Boyfriend']","['Peaky Blinders', 'Brick', 'Before the Flood', 'Catch Me If You Can', 'Dead in a Week (Or Your Money Back)']","['Dead in a Week (Or Your Money Back)', 'Brick', 'Peaky Blinders', 'Catch Me If You Can', 'Two Fathers']"
66,"['Ridley Jones', 'Record of Youth', 'First Kiss', 'Savita Damodar Paranjpe', '6 Years']","['Peaky Blinders', 'Brick', 'Before the Flood', 'Catch Me If You Can', 'Dead in a Week (Or Your Money Back)']","['Dead in a Week (Or Your Money Back)', 'Brick', 'Record of Youth', 'Peaky Blinders', 'Catch Me If You Can']"
67,"['First Kiss', 'The Break with Michelle Wolf', 'Bonnie and Clyde', 'Gol Maal', 'The Lobster']","['Peaky Blinders', 'Brick', 'Before the Flood', 'Catch Me If You Can', 'Dead in a Week (Or Your Money Back)']","['Dead in a Week (Or Your Money Back)', 'The Break with Michelle Wolf', 'Gol Maal', 'Brick', 'The Lobster']"
68,"['High Score', 'Vir Das: Losing It', 'Maria Bamford: The Special Special Special', 'Miss Panda & Mr. Hedgehog', 'Phone Swap']","['Peaky Blinders', 'Brick', 'Before the Flood', 'Catch Me If You Can', 'Dead in a Week (Or Your Money Back)']","['Dead in a Week (Or Your Money Back)', 'Miss Panda & Mr. Hedgehog', 'Brick', 'Peaky Blinders', 'Catch Me If You Can']"
69,"['Fate: The Winx Saga - The Afterparty', 'Raya and Sakina', 'Transfers', 'Mune: Guardian of the Moon', 'Phone Swap']","['Peaky Blinders', 'Brick', 'Before the Flood', 'Catch Me If You Can', 'Dead in a Week (Or Your Money Back)']","['Dead in a Week (Or Your Money Back)', 'Brick', 'Mune: Guardian of the Moon', 'Peaky Blinders', 'Fate: The Winx Saga - The Afterparty']"
70,"['MeatEater', 'Transfers', 'Holy Goalie', '6 Years', 'Phone Swap']","['Peaky Blinders', 'Brick', 'Before the Flood', 'Catch Me If You Can', 'Dead in a Week (Or Your Money Back)']","['Dead in a Week (Or Your Money Back)', 'Brick', 'Peaky Blinders', 'Catch Me If You Can', 'Transfers']"
71,"['The Minions of Midas', 'Black Earth Rising', '21 Thunder', 'Love Storm', 'Lost & Found Music Studios']","['Peaky Blinders', 'Brick', 'Before the Flood', 'Catch Me If You Can', 'Dead in a Week (Or Your Money Back)']","['Dead in a Week (Or Your Money Back)', 'Brick', 'The Minions of Midas', 'Peaky Blinders', 'Catch Me If You Can']"
72,"['The Minions of Midas', 'DEATH NOTE', '忍者ハットリくん', 'Ezel', 'The Devil Is a Part-Timer!']","['Peaky Blinders', 'Brick', 'Before the Flood', 'Catch Me If You Can', 'Dead in a Week (Or Your Money Back)']","['Dead in a Week (Or Your Money Back)', 'The Devil Is a Part-Timer!', '忍者ハットリくん', 'Brick', 'The Minions of Midas']"
73,"['A Love So Beautiful', 'Transfers', 'Love Storm', '6 Years', 'Phone Swap']","['Peaky Blinders', 'Brick', 'Before the Flood', 'Catch Me If You Can', 'Dead in a Week (Or Your Money Back)']","['A Love So Beautiful', 'Dead in a Week (Or Your Money Back)', 'Brick', 'Peaky Blinders', 'Catch Me If You Can']"
74,"['Mother Goose Club', 'Godzilla Singular Point', 'I Will Follow', 'Ainori Love Wagon: African Journey', 'Phone Swap']","['Peaky Blinders', 'Brick', 'Before the Flood', 'Catch Me If You Can', 'Dead in a Week (Or Your Money Back)']","['Dead in a Week (Or Your Money Back)', 'Ainori Love Wagon: African Journey', 'Brick', 'I Will Follow', 'Peaky Blinders']"
75,"['The Minions of Midas', 'The Next Step', 'First Kiss', '6 Years', 'Phone Swap']","['Peaky Blinders', 'Brick', 'Before the Flood', 'Catch Me If You Can', 'Dead in a Week (Or Your Money Back)']","['Dead in a Week (Or Your Money Back)', 'The Next Step', 'Brick', 'The Minions of Midas', 'Peaky Blinders']"
76,"['The Minions of Midas', 'Diablero', 'First Kiss', 'Transfers', '6 Years']","['Peaky Blinders', 'Brick', 'Before the Flood', 'Catch Me If You Can', 'Dead in a Week (Or Your Money Back)']","['Dead in a Week (Or Your Money Back)', 'Brick', 'The Minions of Midas', 'Peaky Blinders', 'First Kiss']"
77,"['A Love So Beautiful', 'Transfers', 'Love Storm', '6 Years', 'Phone Swap']","['Peaky Blinders', 'Brick', 'Before the Flood', 'Catch Me If You Can', 'Dead in a Week (Or Your Money Back)']","['A Love So Beautiful', 'Dead in a Week (Or Your Money Back)', 'Brick', 'Peaky Blinders', 'Catch Me If You Can']"
78,"['The Minions of Midas', 'First Kiss', 'Transfers', 'Bleach the Movie: Hell Verse', '6 Years']","['Peaky Blinders', 'Brick', 'Before the Flood', 'Catch Me If You Can', 'Dead in a Week (Or Your Money Back)']","['Dead in a Week (Or Your Money Back)', 'Brick', 'The Minions of Midas', 'Peaky Blinders', 'First Kiss']"
79,"['Motel Makeover', 'Durarara!!', 'First Kiss', 'GHOUL', 'Phone Swap']","['Peaky Blinders', 'Brick', 'Before the Flood', 'Catch Me If You Can', 'Dead in a Week (Or Your Money Back)']","['Dead in a Week (Or Your Money Back)', 'Brick', 'GHOUL', 'Motel Makeover', 'Peaky Blinders']"
80,"['Hangar 1: The UFO Files', 'Inside Man: Most Wanted', 'Top Boy', 'Club Friday To Be Continued - Friend & Enemy', 'Love Rosie']","['Peaky Blinders', 'Brick', 'Before the Flood', 'Catch Me If You Can', 'Dead in a Week (Or Your Money Back)']","['Dead in a Week (Or Your Money Back)', 'Love Rosie', 'Top Boy', 'Brick', 'Peaky Blinders']"
81,"['A Love So Beautiful', 'Transfers', 'Love Storm', '6 Years', 'Phone Swap']","['Peaky Blinders', 'Brick', 'Before the Flood', 'Catch Me If You Can', 'Dead in a Week (Or Your Money Back)']","['A Love So Beautiful', 'Dead in a Week (Or Your Money Back)', 'Brick', 'Peaky Blinders', 'Catch Me If You Can']"
82,"['The Stranded', 'Al Hayba', 'Take My Brother Away', 'Godzilla', 'Nurse Jackie']","['Peaky Blinders', 'Brick', 'Before the Flood', 'Catch Me If You Can', 'Dead in a Week (Or Your Money Back)']","['Dead in a Week (Or Your Money Back)', 'Take My Brother Away', 'Brick', 'Peaky Blinders', 'Catch Me If You Can']"
83,"['Nadiya Bakes', 'A Love So Beautiful', 'A Second Chance', 'Transfers', 'Phone Swap']","['Peaky Blinders', 'Brick', 'Before the Flood', 'Catch Me If You Can', 'Dead in a Week (Or Your Money Back)']","['A Love So Beautiful', 'Dead in a Week (Or Your Money Back)', 'Brick', 'Nadiya Bakes', 'Peaky Blinders']"
84,"['Two Fathers', 'Wolf', 'Even the Rain', 'Club Friday To Be Continued - Friend & Enemy', 'Phone Swap']","['Peaky Blinders', 'Brick', 'Before the Flood', 'Catch Me If You Can', 'Dead in a Week (Or Your Money Back)']","['Dead in a Week (Or Your Money Back)', 'Brick', 'Wolf', 'Peaky Blinders', 'Catch Me If You Can']"
85,"['The Ingenuity of the Househusband', 'Shaitan', 'Death Can Wait', 'Club Friday To Be Continued - Friend & Enemy', 'Love Rosie']","['Peaky Blinders', 'Brick', 'Before the Flood', 'Catch Me If You Can', 'Dead in a Week (Or Your Money Back)']","['Dead in a Week (Or Your Money Back)', 'Love Rosie', 'Brick', 'Peaky Blinders', 'The Ingenuity of the Househusband']"
86,"['Diamond City', 'Unchained Fate', 'Transfers', 'Dragons: Race to the Edge', 'Phone Swap']","['Peaky Blinders', 'Brick', 'Before the Flood', 'Catch Me If You Can', 'Dead in a Week (Or Your Money Back)']","['Dead in a Week (Or Your Money Back)', 'Diamond City', 'Brick', 'Peaky Blinders', 'Catch Me If You Can']"
87,"['First Kiss', ""Edgar Rice Burroughs' Tarzan and Jane"", 'Love Storm', 'DEATH NOTE', '忍者ハットリくん']","['Peaky Blinders', 'Brick', 'Before the Flood', 'Catch Me If You Can', 'Dead in a Week (Or Your Money Back)']","['Dead in a Week (Or Your Money Back)', '忍者ハットリくん', ""Edgar Rice Burroughs' Tarzan and Jane"", 'Brick', 'Peaky Blinders']"
88,"['Nadiya Bakes', 'The Minions of Midas', 'Baahubali: The Beginning (English Version)', '21 Thunder', 'Love Storm']","['Peaky Blinders', 'Brick', 'Before the Flood', 'Catch Me If You Can', 'Dead in a Week (Or Your Money Back)']","['Dead in a Week (Or Your Money Back)', 'Brick', 'Nadiya Bakes', 'Baahubali: The Beginning (English Version)', 'The Minions of Midas']"
89,"[""Dolly Parton's Heartstrings"", 'The Stranded', 'First Kiss', 'Phone Swap', 'Wolves']","['Peaky Blinders', 'Brick', 'Before the Flood', 'Catch Me If You Can', 'Dead in a Week (Or Your Money Back)']","['Dead in a Week (Or Your Money Back)', 'Brick', 'Peaky Blinders', ""Dolly Parton's Heartstrings"", 'First Kiss']"
90,"['Masaba Masaba', 'Bulbbul', 'Cheese in the Trap', 'Here to Heart', 'Be with You']","['Peaky Blinders', 'Brick', 'Before the Flood', 'Catch Me If You Can', 'Dead in a Week (Or Your Money Back)']","['Be with You', 'Dead in a Week (Or Your Money Back)', 'Brick', 'Cheese in the Trap', 'Here to Heart']"
91,"['Fools Rush In', 'Ultraviolet', 'First Kiss', 'Transfers', '6 Years']","['Peaky Blinders', 'Brick', 'Before the Flood', 'Catch Me If You Can', 'Dead in a Week (Or Your Money Back)']","['Dead in a Week (Or Your Money Back)', 'Brick', 'Ultraviolet', 'Peaky Blinders', 'Catch Me If You Can']"
92,"['Shadow and Bone', '13 Reasons Why', 'V Wars', 'Once Upon A Time In Lingjian Mountain', 'The Irregular at Magic High School']","['Peaky Blinders', 'Brick', 'Before the Flood', 'Catch Me If You Can', 'Dead in a Week (Or Your Money Back)']","['13 Reasons Why', 'Dead in a Week (Or Your Money Back)', 'The Irregular at Magic High School', 'Brick', 'Peaky Blinders']"
93,"['Naruto Shippuden the Movie: Blood Prison', 'Ratched', 'Cheese in the Trap', 'From Dusk Till Dawn', '6 Years']","['Peaky Blinders', 'Brick', 'Before the Flood', 'Catch Me If You Can', 'Dead in a Week (Or Your Money Back)']","['Dead in a Week (Or Your Money Back)', 'Brick', 'Cheese in the Trap', 'Peaky Blinders', 'Catch Me If You Can']"
94,"['Toradora!', 'Accidentally in Love', 'Love Me or Leave Me', 'Hemlock Grove', 'Zombie Dumb']","['Peaky Blinders', 'Brick', 'Before the Flood', 'Catch Me If You Can', 'Dead in a Week (Or Your Money Back)']","['Dead in a Week (Or Your Money Back)', 'Accidentally in Love', 'Brick', 'Love Me or Leave Me', 'Toradora!']"
95,"['Tiny Pretty Things', 'Grandmaster', 'Holy Goalie', 'Phone Swap', 'The Autopsy of Jane Doe']","['Peaky Blinders', 'Brick', 'Before the Flood', 'Catch Me If You Can', 'Dead in a Week (Or Your Money Back)']","['Dead in a Week (Or Your Money Back)', 'Brick', 'Peaky Blinders', 'Catch Me If You Can', 'Tiny Pretty Things']"
96,"['Locked Up', 'Elite Short Stories: Omar Ander Alexis', 'Breaking Boundaries: The Science Of Our Planet', ""ZZ TOP: THAT LITTLE OL' BAND FROM TEXAS"", 'Planet Earth II']","['Peaky Blinders', 'Brick', 'Before the Flood', 'Catch Me If You Can', 'Dead in a Week (Or Your Money Back)']","['Locked Up', 'Dead in a Week (Or Your Money Back)', 'Brick', 'Peaky Blinders', 'Catch Me If You Can']"
97,"['A Love So Beautiful', 'The Crown', 'The Minions of Midas', 'Last', 'Phone Swap']","['Peaky Blinders', 'Brick', 'Before the Flood', 'Catch Me If You Can', 'Dead in a Week (Or Your Money Back)']","['A Love So Beautiful', 'Dead in a Week (Or Your Money Back)', 'Brick', 'The Minions of Midas', 'Peaky Blinders']"
98,"['BREAK IT ALL: The History of Rock in Latin America', 'The Uncanny Counter', 'Miss Panda & Mr. Hedgehog', 'Even the Rain', 'Dino Hunt']","['Peaky Blinders', 'Brick', 'Before the Flood', 'Catch Me If You Can', 'Dead in a Week (Or Your Money Back)']","['Dead in a Week (Or Your Money Back)', 'BREAK IT ALL: The History of Rock in Latin America', 'Miss Panda & Mr. Hedgehog', 'Dino Hunt', 'Brick']"
99,"['The Society', 'Transfers', 'Project Mc²', 'Phone Swap', ""That '70s Show""]","['Peaky Blinders', 'Brick', 'Before the Flood', 'Catch Me If You Can', 'Dead in a Week (Or Your Money Back)']","['Dead in a Week (Or Your Money Back)', 'Brick', 'Project Mc²', 'The Society', 'Peaky Blinders']"
100,"['A Love So Beautiful', 'The Minions of Midas', 'Unfriended', 'The Forest', 'Phone Swap']","['Peaky Blinders', 'Brick', 'Before the Flood', 'Catch Me If You Can', 'Dead in a Week (Or Your Money Back)']","['A Love So Beautiful', 'Dead in a Week (Or Your Money Back)', 'Brick', 'The Minions of Midas', 'Peaky Blinders']"
101,"['Fear Street Part 3: 1666', 'Prom Night', 'Top Boy', 'Vir Das: Losing It', 'The Christmas Project']","['Peaky Blinders', 'Brick', 'Before the Flood', 'Catch Me If You Can', 'Dead in a Week (Or Your Money Back)']","['Dead in a Week (Or Your Money Back)', 'Top Boy', 'Brick', 'Prom Night', 'Peaky Blinders']"
102,"['Two Fathers', 'Unfriended', 'The Forest', 'A Haunting at Silver Falls: The Return', 'Tremors 2: Aftershocks']","['Peaky Blinders', 'Brick', 'Before the Flood', 'Catch Me If You Can', 'Dead in a Week (Or Your Money Back)']","['Dead in a Week (Or Your Money Back)', 'Tremors 2: Aftershocks', 'Brick', 'A Haunting at Silver Falls: The Return', 'Peaky Blinders']"
103,"['Breaking Boundaries: The Science Of Our Planet', 'The Minions of Midas', 'Transfers', '6 Years', 'Phone Swap']","['Peaky Blinders', 'Brick', 'Before the Flood', 'Catch Me If You Can', 'Dead in a Week (Or Your Money Back)']","['Dead in a Week (Or Your Money Back)', 'Brick', 'The Minions of Midas', 'Peaky Blinders', 'Breaking Boundaries: The Science Of Our Planet']"
104,"['Thus Spoke Kishibe Rohan', 'Equestria Girls: Tales of Canterlot High', '6 Years', 'A Haunting at Silver Falls: The Return', 'The Devil and Father Amorth']","['Peaky Blinders', 'Brick', 'Before the Flood', 'Catch Me If You Can', 'Dead in a Week (Or Your Money Back)']","['Dead in a Week (Or Your Money Back)', 'The Devil and Father Amorth', 'Brick', 'A Haunting at Silver Falls: The Return', 'Equestria Girls: Tales of Canterlot High']"
105,"['100 Days My Prince', 'The Order', '13 Reasons Why', 'Dead Set', 'The Crow']","['Peaky Blinders', 'Brick', 'Before the Flood', 'Catch Me If You Can', 'Dead in a Week (Or Your Money Back)']","['13 Reasons Why', 'Dead in a Week (Or Your Money Back)', 'The Crow', 'Brick', 'The Order']"
106,"['13 Reasons Why', 'First Kiss', 'Unchained Fate', 'Trio and a Bed', 'Winter Sun']","['Peaky Blinders', 'Brick', 'Before the Flood', 'Catch Me If You Can', 'Dead in a Week (Or Your Money Back)']","['13 Reasons Why', 'Dead in a Week (Or Your Money Back)', 'Winter Sun', 'Trio and a Bed', 'Brick']"
107,"[""Kuroko's Basketball"", 'Gameboys Level-Up Edition', 'Skylines', 'Vroomiz', 'Zombie Dumb']","['Peaky Blinders', 'Brick', 'Before the Flood', 'Catch Me If You Can', 'Dead in a Week (Or Your Money Back)']","['Dead in a Week (Or Your Money Back)', 'Brick', 'Gameboys Level-Up Edition', 'Peaky Blinders', 'Catch Me If You Can']"
108,"['The Minions of Midas', 'First Kiss', 'Transfers', 'Gonul', 'Phone Swap']","['Peaky Blinders', 'Brick', 'Before the Flood', 'Catch Me If You Can', 'Dead in a Week (Or Your Money Back)']","['Dead in a Week (Or Your Money Back)', 'Brick', 'The Minions of Midas', 'Peaky Blinders', 'First Kiss']"
109,"['Masaba Masaba', 'Liefling', 'Pokémon the Movie: Power of Us', '6 Years', 'Phone Swap']","['Peaky Blinders', 'Brick', 'Before the Flood', 'Catch Me If You Can', 'Dead in a Week (Or Your Money Back)']","['Dead in a Week (Or Your Money Back)', 'Pokémon the Movie: Power of Us', 'Brick', 'Peaky Blinders', 'Catch Me If You Can']"
110,"[""This Is a Robbery: The World's Biggest Art Heist"", 'Better Call Saul', ""What's New Scooby-Doo?"", 'Hong Kong West Side Stories', 'Big Bad Beetleborgs']","['Peaky Blinders', 'Brick', 'Before the Flood', 'Catch Me If You Can', 'Dead in a Week (Or Your Money Back)']","['Dead in a Week (Or Your Money Back)', ""This Is a Robbery: The World's Biggest Art Heist"", 'Brick', 'Hong Kong West Side Stories', 'Peaky Blinders']"
111,"['Zero', 'The Stranded', 'Sparring', 'Bondi Rescue', 'Phone Swap']","['Peaky Blinders', 'Brick', 'Before the Flood', 'Catch Me If You Can', 'Dead in a Week (Or Your Money Back)']","['Dead in a Week (Or Your Money Back)', 'Zero', 'Brick', 'Peaky Blinders', 'Catch Me If You Can']"
112,"['Marcella', 'The Knight and the Princess', 'Move', ""It's Fine"", 'Winter Sun']","['Peaky Blinders', 'Brick', 'Before the Flood', 'Catch Me If You Can', 'Dead in a Week (Or Your Money Back)']","['Dead in a Week (Or Your Money Back)', 'Winter Sun', 'Move', 'Brick', 'Peaky Blinders']"
113,"['Zero', 'The 3rd Eye', 'Life', 'Troy', 'Cardboard Gangsters']","['Peaky Blinders', 'Brick', 'Before the Flood', 'Catch Me If You Can', 'Dead in a Week (Or Your Money Back)']","['Dead in a Week (Or Your Money Back)', 'Zero', 'Life', 'Brick', 'The 3rd Eye']"
114,"['Unfriended', 'The Forest', 'Rattlesnake', 'The Super', 'Zombieland']","['Peaky Blinders', 'Brick', 'Before the Flood', 'Catch Me If You Can', 'Dead in a Week (Or Your Money Back)']","['The Super', 'Dead in a Week (Or Your Money Back)', 'Zombieland', 'Brick', 'Rattlesnake']"
115,"['Blue Miracle', 'The Stranded', 'Godzilla', 'Scandal in Sorrento', 'The Autopsy of Jane Doe']","['Peaky Blinders', 'Brick', 'Before the Flood', 'Catch Me If You Can', 'Dead in a Week (Or Your Money Back)']","['Dead in a Week (Or Your Money Back)', 'Brick', 'Scandal in Sorrento', 'Peaky Blinders', 'Catch Me If You Can']"
116,"['The New Legends of Monkey', 'Shadow and Bone', 'Surviving Death', 'Supergirl', 'Star Trek: Deep Space Nine']","['Peaky Blinders', 'Brick', 'Before the Flood', 'Catch Me If You Can', 'Dead in a Week (Or Your Money Back)']","['Dead in a Week (Or Your Money Back)', 'Supergirl', 'Brick', 'The New Legends of Monkey', 'Star Trek: Deep Space Nine']"
117,"['Beirut Oh Beirut', 'Hi Score Girl', 'Enter the Dragon', 'Ezel', 'True Grit']","['Peaky Blinders', 'Brick', 'Before the Flood', 'Catch Me If You Can', 'Dead in a Week (Or Your Money Back)']","['Dead in a Week (Or Your Money Back)', 'Enter the Dragon', 'Beirut Oh Beirut', 'Brick', 'Peaky Blinders']"
118,"['Hap and Leonard', 'Case 39', 'Gnome Alone', 'Tramps', ""That '70s Show""]","['Peaky Blinders', 'Brick', 'Before the Flood', 'Catch Me If You Can', 'Dead in a Week (Or Your Money Back)']","['Dead in a Week (Or Your Money Back)', 'Brick', 'Case 39', 'Peaky Blinders', 'Catch Me If You Can']"
119,"['The Ingenuity of the Househusband', 'Jagga Jasoos', 'Club Friday To Be Continued - Friend & Enemy', 'Omar and Salma 3', 'Tremors 2: Aftershocks']","['Peaky Blinders', 'Brick', 'Before the Flood', 'Catch Me If You Can', 'Dead in a Week (Or Your Money Back)']","['Dead in a Week (Or Your Money Back)', 'Tremors 2: Aftershocks', 'Brick', 'Jagga Jasoos', 'Omar and Salma 3']"
120,"['The Ingenuity of the Househusband', 'Count Me In', 'Top Boy', 'Bad Blood', 'Club Friday To Be Continued - Friend & Enemy']","['Peaky Blinders', 'Brick', 'Before the Flood', 'Catch Me If You Can', 'Dead in a Week (Or Your Money Back)']","['Dead in a Week (Or Your Money Back)', 'Count Me In', 'Top Boy', 'Brick', 'Bad Blood']"
121,"['The New Legends of Monkey', 'Parasyte: The Maxim', 'I Am Mother', 'Apaches', 'From Dusk Till Dawn']","['Peaky Blinders', 'Brick', 'Before the Flood', 'Catch Me If You Can', 'Dead in a Week (Or Your Money Back)']","['Dead in a Week (Or Your Money Back)', 'Brick', 'The New Legends of Monkey', 'Peaky Blinders', 'Catch Me If You Can']"
122,"['The Stronghold', 'The Seven Deadly Sins', 'The Game Changers', 'Nothing to Lose', 'Winter Sun']","['Peaky Blinders', 'Brick', 'Before the Flood', 'Catch Me If You Can', 'Dead in a Week (Or Your Money Back)']","['Dead in a Week (Or Your Money Back)', 'Winter Sun', 'The Game Changers', 'Brick', 'Peaky Blinders']"
123,"['First Kiss', 'Transfers', 'Sparring', 'Love Storm', 'Lifechanger']","['Peaky Blinders', 'Brick', 'Before the Flood', 'Catch Me If You Can', 'Dead in a Week (Or Your Money Back)']","['Dead in a Week (Or Your Money Back)', 'Brick', 'Peaky Blinders', 'Catch Me If You Can', 'First Kiss']"
124,"['Naruto Shippuden the Movie: Blood Prison', 'Holy Expectations', 'Our Planet', 'A Night at the Roxbury', 'Club Friday To Be Continued - Friend & Enemy']","['Peaky Blinders', 'Brick', 'Before the Flood', 'Catch Me If You Can', 'Dead in a Week (Or Your Money Back)']","['Dead in a Week (Or Your Money Back)', 'Brick', 'Peaky Blinders', 'Catch Me If You Can', 'A Night at the Roxbury']"
125,"['Blue Miracle', 'Ratched', ""Dolly Parton's Heartstrings"", 'From Dusk Till Dawn', '6 Years']","['Peaky Blinders', 'Brick', 'Before the Flood', 'Catch Me If You Can', 'Dead in a Week (Or Your Money Back)']","['Dead in a Week (Or Your Money Back)', 'Brick', 'Peaky Blinders', ""Dolly Parton's Heartstrings"", 'Catch Me If You Can']"
126,"['EDENS ZERO', 'Rita', 'Beyblade Burst', 'Singles Villa', '6 Years']","['Peaky Blinders', 'Brick', 'Before the Flood', 'Catch Me If You Can', 'Dead in a Week (Or Your Money Back)']","['Dead in a Week (Or Your Money Back)', 'Singles Villa', 'Brick', 'Rita', 'Peaky Blinders']"
127,"['Worn Stories', 'Hangar 1: The UFO Files', '72 Dangerous Animals: Latin America', 'Ezel', ""Nature's Great Events (2009)""]","['Peaky Blinders', 'Brick', 'Before the Flood', 'Catch Me If You Can', 'Dead in a Week (Or Your Money Back)']","['Dead in a Week (Or Your Money Back)', '72 Dangerous Animals: Latin America', 'Worn Stories', 'Brick', 'Peaky Blinders']"
128,"['Hap and Leonard', 'Rita', ""Queer Eye: We're in Japan!"", 'Bangkok Love Stories: Objects of Affection', 'Singles Villa']","['Peaky Blinders', 'Brick', 'Before the Flood', 'Catch Me If You Can', 'Dead in a Week (Or Your Money Back)']","['Dead in a Week (Or Your Money Back)', 'Singles Villa', 'Brick', 'Rita', 'Peaky Blinders']"
129,"['Keymon and Nani in Space Adventure', 'Nadiya Bakes', 'The Minions of Midas', 'The Innocence Files', 'Boca Juniors Confidential']","['Peaky Blinders', 'Brick', 'Before the Flood', 'Catch Me If You Can', 'Dead in a Week (Or Your Money Back)']","['Dead in a Week (Or Your Money Back)', 'Brick', 'Nadiya Bakes', 'The Minions of Midas', 'Peaky Blinders']"
130,"['Jurassic World Camp Cretaceous', 'Aelay', 'Daniel Sloss: Live Shows', '6 Years', 'Every Time I Die']","['Peaky Blinders', 'Brick', 'Before the Flood', 'Catch Me If You Can', 'Dead in a Week (Or Your Money Back)']","['Every Time I Die', 'Dead in a Week (Or Your Money Back)', 'Daniel Sloss: Live Shows', 'Brick', 'Jurassic World Camp Cretaceous']"
131,"['Black Friday', 'The Society', 'Made in Mexico', 'For Colored Girls', ""That '70s Show""]","['Peaky Blinders', 'Brick', 'Before the Flood', 'Catch Me If You Can', 'Dead in a Week (Or Your Money Back)']","['Dead in a Week (Or Your Money Back)', 'Black Friday', 'Brick', 'The Society', 'Peaky Blinders']"
132,"['Nadiya Bakes', 'A Love So Beautiful', 'Transfers', '21 Thunder', 'Last']","['Peaky Blinders', 'Brick', 'Before the Flood', 'Catch Me If You Can', 'Dead in a Week (Or Your Money Back)']","['A Love So Beautiful', 'Dead in a Week (Or Your Money Back)', 'Brick', 'Nadiya Bakes', 'Peaky Blinders']"
133,"['House of Cards', 'Bloodline', 'Phone Swap', 'Star-Crossed', 'ThirTEEN Terrors']","['Peaky Blinders', 'Brick', 'Before the Flood', 'Catch Me If You Can', 'Dead in a Week (Or Your Money Back)']","['Dead in a Week (Or Your Money Back)', 'Brick', 'Peaky Blinders', 'Catch Me If You Can', 'ThirTEEN Terrors']"
134,"['Nadiya Bakes', 'Last Tango in Halifax', 'New Money', '6 Years', 'Ram Teri Ganga Maili']","['Peaky Blinders', 'Brick', 'Before the Flood', 'Catch Me If You Can', 'Dead in a Week (Or Your Money Back)']","['Dead in a Week (Or Your Money Back)', 'Brick', 'Nadiya Bakes', 'Last Tango in Halifax', 'Peaky Blinders']"
135,"['A Series of Unfortunate Events', 'Transfers', 'The Break with Michelle Wolf', 'Merlin', 'Gol Maal']","['Peaky Blinders', 'Brick', 'Before the Flood', 'Catch Me If You Can', 'Dead in a Week (Or Your Money Back)']","['Dead in a Week (Or Your Money Back)', 'The Break with Michelle Wolf', 'Gol Maal', 'Brick', 'Peaky Blinders']"
136,"['Ginny & Georgia', 'The Nut Job', 'GHOUL', 'Monster High: Ghouls Rule', 'The Underwear']","['Peaky Blinders', 'Brick', 'Before the Flood', 'Catch Me If You Can', 'Dead in a Week (Or Your Money Back)']","['Dead in a Week (Or Your Money Back)', 'Brick', 'GHOUL', 'Peaky Blinders', 'Catch Me If You Can']"
137,"['Trolls: The Beat Goes On!', 'First Kiss', 'The Epic Tales of Captain Underpants', 'Equestria Girls: Tales of Canterlot High', 'Phone Swap']","['Peaky Blinders', 'Brick', 'Before the Flood', 'Catch Me If You Can', 'Dead in a Week (Or Your Money Back)']","['Dead in a Week (Or Your Money Back)', 'Brick', 'The Epic Tales of Captain Underpants', 'Equestria Girls: Tales of Canterlot High', 'Peaky Blinders']"
138,"['A Love So Beautiful', 'Transfers', 'Love Storm', '6 Years', 'Phone Swap']","['Peaky Blinders', 'Brick', 'Before the Flood', 'Catch Me If You Can', 'Dead in a Week (Or Your Money Back)']","['A Love So Beautiful', 'Dead in a Week (Or Your Money Back)', 'Brick', 'Peaky Blinders', 'Catch Me If You Can']"
139,"['Revelations: The Masters of the Universe: Revelation Aftershow', 'Durarara!!', 'Diablero', 'Anne with an E', 'The Society']","['Peaky Blinders', 'Brick', 'Before the Flood', 'Catch Me If You Can', 'Dead in a Week (Or Your Money Back)']","['Dead in a Week (Or Your Money Back)', 'Revelations: The Masters of the Universe: Revelation Aftershow', 'Brick', 'The Society', 'Peaky Blinders']"
140,"['Bangkok Breaking', 'Singles Villa', 'Tallulah', 'Club Friday To Be Continued - The Promise', 'Secret Affair']","['Peaky Blinders', 'Brick', 'Before the Flood', 'Catch Me If You Can', 'Dead in a Week (Or Your Money Back)']","['Bangkok Breaking', 'Singles Villa', 'Dead in a Week (Or Your Money Back)', 'Brick', 'Secret Affair']"
141,"['Voltron: Legendary Defender', 'Thaandavam', 'Love for Ten: Generation of Youth', 'Strange Voices', 'Zombie Dumb']","['Peaky Blinders', 'Brick', 'Before the Flood', 'Catch Me If You Can', 'Dead in a Week (Or Your Money Back)']","['Dead in a Week (Or Your Money Back)', 'Love for Ten: Generation of Youth', 'Brick', 'Thaandavam', 'Strange Voices']"
142,"['Move', ""Queer Eye: We're in Japan!"", 'Singles Villa', 'Club Friday To Be Continued - The Promise', 'Melodies of Life - Born This Way']","['Peaky Blinders', 'Brick', 'Before the Flood', 'Catch Me If You Can', 'Dead in a Week (Or Your Money Back)']","['Dead in a Week (Or Your Money Back)', 'Singles Villa', 'Move', 'Club Friday To Be Continued - The Promise', 'Brick']"
143,"['Rooting for Roona', 'Dollar', 'Tramps', 'Lost & Found Music Studios', 'Revenge']","['Peaky Blinders', 'Brick', 'Before the Flood', 'Catch Me If You Can', 'Dead in a Week (Or Your Money Back)']","['Dead in a Week (Or Your Money Back)', 'Brick', 'Dollar', 'Peaky Blinders', 'Catch Me If You Can']"
144,"['Running Man', 'THE UNLISTED', 'Transfers', 'Tracy Morgan: Staying Alive', 'Phone Swap']","['Peaky Blinders', 'Brick', 'Before the Flood', 'Catch Me If You Can', 'Dead in a Week (Or Your Money Back)']","['Dead in a Week (Or Your Money Back)', 'Tracy Morgan: Staying Alive', 'Brick', 'Peaky Blinders', 'Catch Me If You Can']"
145,"['The Minions of Midas', 'Ultraviolet', 'First Kiss', 'Love Storm', '6 Years']","['Peaky Blinders', 'Brick', 'Before the Flood', 'Catch Me If You Can', 'Dead in a Week (Or Your Money Back)']","['Dead in a Week (Or Your Money Back)', 'Brick', 'Ultraviolet', 'The Minions of Midas', 'Peaky Blinders']"
146,"['The New Legends of Monkey', 'Shadow and Bone', 'Supergirl', 'Hong Kong West Side Stories', 'Star Trek: Enterprise']","['Peaky Blinders', 'Brick', 'Before the Flood', 'Catch Me If You Can', 'Dead in a Week (Or Your Money Back)']","['Dead in a Week (Or Your Money Back)', 'Supergirl', 'Brick', 'The New Legends of Monkey', 'Hong Kong West Side Stories']"
147,"['Nadiya Bakes', 'First Kiss', 'Transfers', ""India: Nature's Wonderland"", 'Phone Swap']","['Peaky Blinders', 'Brick', 'Before the Flood', 'Catch Me If You Can', 'Dead in a Week (Or Your Money Back)']","['Dead in a Week (Or Your Money Back)', ""India: Nature's Wonderland"", 'Brick', 'Nadiya Bakes', 'Peaky Blinders']"
148,"['Chicago Party Aunt', 'Raising Dion', 'Transfers', '6 Years', 'Earth to Echo']","['Peaky Blinders', 'Brick', 'Before the Flood', 'Catch Me If You Can', 'Dead in a Week (Or Your Money Back)']","['Dead in a Week (Or Your Money Back)', 'Brick', 'Raising Dion', 'Peaky Blinders', 'Catch Me If You Can']"
149,"['Naruto Shippuden the Movie: Blood Prison', 'Transfers', 'Love Storm', '6 Years', 'Last']","['Peaky Blinders', 'Brick', 'Before the Flood', 'Catch Me If You Can', 'Dead in a Week (Or Your Money Back)']","['Dead in a Week (Or Your Money Back)', 'Brick', 'Peaky Blinders', 'Catch Me If You Can', 'Transfers']"
150,"['Fida', 'Savita Damodar Paranjpe', 'Accidentally in Love', 'Hemlock Grove', 'Zombie Dumb']","['Peaky Blinders', 'Brick', 'Before the Flood', 'Catch Me If You Can', 'Dead in a Week (Or Your Money Back)']","['Dead in a Week (Or Your Money Back)', 'Accidentally in Love', 'Brick', 'Peaky Blinders', 'Catch Me If You Can']"
151,"['ParaNorman', 'Hum Aapke Hain Koun', 'Svaha: The Sixth Finger', 'Gina Yashere: Laughing to America', 'Spiritual House']","['Peaky Blinders', 'Brick', 'Before the Flood', 'Catch Me If You Can', 'Dead in a Week (Or Your Money Back)']","['Dead in a Week (Or Your Money Back)', 'Brick', 'Gina Yashere: Laughing to America', 'Spiritual House', 'Peaky Blinders']"
152,"['The Minions of Midas', 'The Crystal Calls Making the Dark Crystal: Age of Resistance', 'Transfers', 'Love Storm', 'Phone Swap']","['Peaky Blinders', 'Brick', 'Before the Flood', 'Catch Me If You Can', 'Dead in a Week (Or Your Money Back)']","['Dead in a Week (Or Your Money Back)', 'Brick', 'The Minions of Midas', 'Peaky Blinders', 'Catch Me If You Can']"
153,"['Nadiya Bakes', 'Rooting for Roona', 'Death Can Wait', 'Transfers', 'Jagga Jasoos']","['Peaky Blinders', 'Brick', 'Before the Flood', 'Catch Me If You Can', 'Dead in a Week (Or Your Money Back)']","['Dead in a Week (Or Your Money Back)', 'Brick', 'Jagga Jasoos', 'Nadiya Bakes', 'Peaky Blinders']"
154,"['The Interview', 'The New Legends of Monkey', 'Jurassic World Camp Cretaceous', 'First Kiss', 'Love O2O']","['Peaky Blinders', 'Brick', 'Before the Flood', 'Catch Me If You Can', 'Dead in a Week (Or Your Money Back)']","['Love O2O', 'Dead in a Week (Or Your Money Back)', 'Brick', 'Jurassic World Camp Cretaceous', 'The New Legends of Monkey']"
155,"['The Minions of Midas', 'Team Kaylie', 'First Kiss', 'Love Storm', 'Phone Swap']","['Peaky Blinders', 'Brick', 'Before the Flood', 'Catch Me If You Can', 'Dead in a Week (Or Your Money Back)']","['Dead in a Week (Or Your Money Back)', 'Brick', 'Team Kaylie', 'The Minions of Midas', 'Peaky Blinders']"
156,"['The Baker and the Beauty', ""Dolly Parton's Heartstrings"", 'Raising Dion', 'Dollar', 'Horrid Henry']","['Peaky Blinders', 'Brick', 'Before the Flood', 'Catch Me If You Can', 'Dead in a Week (Or Your Money Back)']","['Dead in a Week (Or Your Money Back)', 'Brick', 'Dollar', 'Raising Dion', 'Peaky Blinders']"
157,"['First Kiss', 'Under the Eiffel Tower', 'Bad Blood', 'Franca: Chaos and Creation', ""That '70s Show""]","['Peaky Blinders', 'Brick', 'Before the Flood', 'Catch Me If You Can', 'Dead in a Week (Or Your Money Back)']","['Dead in a Week (Or Your Money Back)', 'Brick', 'Bad Blood', 'Peaky Blinders', 'Catch Me If You Can']"
158,"['Feels Like Ishq', 'Masaba Masaba', 'Mia and Me', 'Unchained Fate', 'Daniel Sloss: Live Shows']","['Peaky Blinders', 'Brick', 'Before the Flood', 'Catch Me If You Can', 'Dead in a Week (Or Your Money Back)']","['Dead in a Week (Or Your Money Back)', 'Daniel Sloss: Live Shows', 'Brick', 'Mia and Me', 'Peaky Blinders']"
159,"[""Kuroko's Basketball"", 'Blood Red Sky', 'First Kiss', 'Voltron: Legendary Defender', '6 Years']","['Peaky Blinders', 'Brick', 'Before the Flood', 'Catch Me If You Can', 'Dead in a Week (Or Your Money Back)']","['Dead in a Week (Or Your Money Back)', 'Brick', 'Peaky Blinders', 'Catch Me If You Can', 'Voltron: Legendary Defender']"
160,"['2012', 'Savita Damodar Paranjpe', 'Phone Swap', 'The Devil and Father Amorth', 'The Super']","['Peaky Blinders', 'Brick', 'Before the Flood', 'Catch Me If You Can', 'Dead in a Week (Or Your Money Back)']","['The Super', 'Dead in a Week (Or Your Money Back)', 'The Devil and Father Amorth', 'Brick', 'Peaky Blinders']"
161,"['First Kiss', ""We're Lalaloopsy"", 'Phone Swap', 'Run', 'Star-Crossed']","['Peaky Blinders', 'Brick', 'Before the Flood', 'Catch Me If You Can', 'Dead in a Week (Or Your Money Back)']","['Dead in a Week (Or Your Money Back)', 'Brick', 'Peaky Blinders', 'Catch Me If You Can', 'First Kiss']"
162,"['The 8th Night', 'La Révolution', 'The Universe: Ancient Mysteries Solved', 'First Kiss', 'Monster High: New Ghoul at School']","['Peaky Blinders', 'Brick', 'Before the Flood', 'Catch Me If You Can', 'Dead in a Week (Or Your Money Back)']","['Dead in a Week (Or Your Money Back)', 'The 8th Night', 'The Universe: Ancient Mysteries Solved', 'Brick', 'La Révolution']"
163,"['The Ingenuity of the Househusband', 'Fear Street Part 3: 1666', 'BREAK IT ALL: The History of Rock in Latin America', '72 Dangerous Animals: Latin America', 'Club Friday To Be Continued - Friend & Enemy']","['Peaky Blinders', 'Brick', 'Before the Flood', 'Catch Me If You Can', 'Dead in a Week (Or Your Money Back)']","['Dead in a Week (Or Your Money Back)', '72 Dangerous Animals: Latin America', 'BREAK IT ALL: The History of Rock in Latin America', 'Brick', 'Peaky Blinders']"
164,"['Elf Pets: Santa’s Reindeer Rescue', 'Hi Score Girl', 'Singles Villa', 'Club Friday To Be Continued - The Promise', 'Dramaworld']","['Peaky Blinders', 'Brick', 'Before the Flood', 'Catch Me If You Can', 'Dead in a Week (Or Your Money Back)']","['Dead in a Week (Or Your Money Back)', 'Singles Villa', 'Brick', 'Club Friday To Be Continued - The Promise', 'Elf Pets: Santa’s Reindeer Rescue']"
165,"['Locked Up', 'Elite Short Stories: Carla Samuel', 'The Minions of Midas', 'Apaches', '6 Years']","['Peaky Blinders', 'Brick', 'Before the Flood', 'Catch Me If You Can', 'Dead in a Week (Or Your Money Back)']","['Locked Up', 'Dead in a Week (Or Your Money Back)', 'Brick', 'Elite Short Stories: Carla Samuel', 'The Minions of Midas']"
166,"['Naruto Shippuden: The Movie: The Lost Tower', 'Challenger', 'Transfers', '6 Years', 'Phone Swap']","['Peaky Blinders', 'Brick', 'Before the Flood', 'Catch Me If You Can', 'Dead in a Week (Or Your Money Back)']","['Dead in a Week (Or Your Money Back)', 'Brick', 'Challenger', 'Naruto Shippuden: The Movie: The Lost Tower', 'Peaky Blinders']"
167,"['First Kiss', ""Charlie's Colorforms City"", 'Berserk: The Golden Age Arc II - The Battle for Doldrey', 'Hum Saath-Saath Hain', 'Phone Swap']","['Peaky Blinders', 'Brick', 'Before the Flood', 'Catch Me If You Can', 'Dead in a Week (Or Your Money Back)']","['Dead in a Week (Or Your Money Back)', 'Hum Saath-Saath Hain', 'Brick', 'Peaky Blinders', 'Catch Me If You Can']"
168,"['First Kiss', 'Baahubali: The Beginning (English Version)', ""Edgar Rice Burroughs' Tarzan and Jane"", 'Balto', ""Oh No! It's an Alien Invasion""]","['Peaky Blinders', 'Brick', 'Before the Flood', 'Catch Me If You Can', 'Dead in a Week (Or Your Money Back)']","['Dead in a Week (Or Your Money Back)', ""Edgar Rice Burroughs' Tarzan and Jane"", 'Brick', 'Baahubali: The Beginning (English Version)', 'Peaky Blinders']"
169,"['Death Can Wait', 'The Sky Is Pink', 'First Kiss', '6 Years', 'Phone Swap']","['Peaky Blinders', 'Brick', 'Before the Flood', 'Catch Me If You Can', 'Dead in a Week (Or Your Money Back)']","['Dead in a Week (Or Your Money Back)', 'Brick', 'The Sky Is Pink', 'Peaky Blinders', 'Catch Me If You Can']"
170,"['50M2', 'The Minions of Midas', 'Scandal in Sorrento', 'The Beat', 'The Talented Mr. Ripley']","['Peaky Blinders', 'Brick', 'Before the Flood', 'Catch Me If You Can', 'Dead in a Week (Or Your Money Back)']","['Dead in a Week (Or Your Money Back)', '50M2', 'Brick', 'The Beat', 'Scandal in Sorrento']"
171,"['Better Call Saul', 'Mia and Me', 'Afflicted', 'Wild Wild Country', 'Ancient Aliens']","['Peaky Blinders', 'Brick', 'Before the Flood', 'Catch Me If You Can', 'Dead in a Week (Or Your Money Back)']","['Dead in a Week (Or Your Money Back)', 'Brick', 'Mia and Me', 'Afflicted', 'Peaky Blinders']"
172,"['Destiny', 'Arrested Development', 'Phone Swap', 'The Devil and Father Amorth', 'The Super']","['Peaky Blinders', 'Brick', 'Before the Flood', 'Catch Me If You Can', 'Dead in a Week (Or Your Money Back)']","['The Super', 'Dead in a Week (Or Your Money Back)', 'The Devil and Father Amorth', 'Brick', 'Peaky Blinders']"
173,"['Blood Red Sky', 'Challenger', 'Omniscient', 'Tales From the Hood 2', 'Club Friday To Be Continued - Friend & Enemy']","['Peaky Blinders', 'Brick', 'Before the Flood', 'Catch Me If You Can', 'Dead in a Week (Or Your Money Back)']","['Dead in a Week (Or Your Money Back)', 'Brick', 'Challenger', 'Omniscient', 'Peaky Blinders']"
174,"['Transfers', '6 Years', '2036 Origin Unknown', 'Phone Swap', 'Women Behind Bars']","['Peaky Blinders', 'Brick', 'Before the Flood', 'Catch Me If You Can', 'Dead in a Week (Or Your Money Back)']","['Dead in a Week (Or Your Money Back)', 'Brick', 'Women Behind Bars', 'Peaky Blinders', 'Catch Me If You Can']"
175,"['Hum Aapke Hain Koun', 'K.O.3an Guo', 'Spiritual House', 'The Day I Met El Chapo', ""India: Nature's Wonderland""]","['Peaky Blinders', 'Brick', 'Before the Flood', 'Catch Me If You Can', 'Dead in a Week (Or Your Money Back)']","['Dead in a Week (Or Your Money Back)', ""India: Nature's Wonderland"", 'K.O.3an Guo', 'The Day I Met El Chapo', 'Brick']"
176,"['Oh! Baby (Malayalam)', 'The Society', 'The Irregular at Magic High School', 'Love Me or Leave Me', 'Planet Earth II']","['Peaky Blinders', 'Brick', 'Before the Flood', 'Catch Me If You Can', 'Dead in a Week (Or Your Money Back)']","['Dead in a Week (Or Your Money Back)', 'Oh! Baby (Malayalam)', 'The Irregular at Magic High School', 'Brick', 'Love Me or Leave Me']"
177,"['I Will Follow', 'Dark Light', 'First Kiss', 'Doomsday Preppers', 'Teenage Mutant Ninja Turtles: The Movie']","['Peaky Blinders', 'Brick', 'Before the Flood', 'Catch Me If You Can', 'Dead in a Week (Or Your Money Back)']","['Dead in a Week (Or Your Money Back)', 'Teenage Mutant Ninja Turtles: The Movie', 'Dark Light', 'Brick', 'Doomsday Preppers']"
178,"['The Next Step', 'The Perfection', 'Dawai Asmara', 'Bountiful Blessings', 'Haunting on Fraternity Row']","['Peaky Blinders', 'Brick', 'Before the Flood', 'Catch Me If You Can', 'Dead in a Week (Or Your Money Back)']","['Dead in a Week (Or Your Money Back)', 'The Next Step', 'Bountiful Blessings', 'Haunting on Fraternity Row', 'Brick']"
179,"['A Series of Unfortunate Events', 'DEATH NOTE', 'Gol Maal', 'The Lobster', 'The Negro Soldier']","['Peaky Blinders', 'Brick', 'Before the Flood', 'Catch Me If You Can', 'Dead in a Week (Or Your Money Back)']","['Dead in a Week (Or Your Money Back)', 'Brick', 'Gol Maal', 'The Lobster', 'The Negro Soldier']"
180,"['The Net', 'Ultraviolet', 'First Kiss', '21 Thunder', 'Phone Swap']","['Peaky Blinders', 'Brick', 'Before the Flood', 'Catch Me If You Can', 'Dead in a Week (Or Your Money Back)']","['Dead in a Week (Or Your Money Back)', 'Brick', 'Ultraviolet', 'Peaky Blinders', 'Catch Me If You Can']"
181,"['First Kiss', 'Grandmaster', 'Accidentally in Love', 'Man to Man', 'Zombie Dumb']","['Peaky Blinders', 'Brick', 'Before the Flood', 'Catch Me If You Can', 'Dead in a Week (Or Your Money Back)']","['Dead in a Week (Or Your Money Back)', 'Accidentally in Love', 'Brick', 'Peaky Blinders', 'Catch Me If You Can']"
182,"['Black Space', 'The Next Step', 'First Kiss', 'My First First Love', '6 Years']","['Peaky Blinders', 'Brick', 'Before the Flood', 'Catch Me If You Can', 'Dead in a Week (Or Your Money Back)']","['Dead in a Week (Or Your Money Back)', 'The Next Step', 'Brick', 'Black Space', 'Peaky Blinders']"
183,"['Good Burger', '6 Years', 'Benji: Off the Leash', 'Phone Swap', 'Thor: Tales of Asgard']","['Peaky Blinders', 'Brick', 'Before the Flood', 'Catch Me If You Can', 'Dead in a Week (Or Your Money Back)']","['Dead in a Week (Or Your Money Back)', 'Brick', 'Benji: Off the Leash', 'Thor: Tales of Asgard', 'Peaky Blinders']"
184,"['Elf Pets: Santa’s Reindeer Rescue', 'Raising Victor Vargas', 'Mine 9', ""Oh No! It's an Alien Invasion"", 'Weeds on Fire']","['Peaky Blinders', 'Brick', 'Before the Flood', 'Catch Me If You Can', 'Dead in a Week (Or Your Money Back)']","['Dead in a Week (Or Your Money Back)', 'Mine 9', 'Brick', 'Peaky Blinders', 'Catch Me If You Can']"
185,"['Austin Powers: International Man of Mystery', 'Shadow and Bone', 'Accidentally in Love', 'La Mante', 'Vroomiz']","['Peaky Blinders', 'Brick', 'Before the Flood', 'Catch Me If You Can', 'Dead in a Week (Or Your Money Back)']","['Dead in a Week (Or Your Money Back)', 'Accidentally in Love', 'Brick', 'Peaky Blinders', 'Catch Me If You Can']"
186,"['A Love So Beautiful', 'Transfers', 'Love Storm', '6 Years', 'Phone Swap']","['Peaky Blinders', 'Brick', 'Before the Flood', 'Catch Me If You Can', 'Dead in a Week (Or Your Money Back)']","['A Love So Beautiful', 'Dead in a Week (Or Your Money Back)', 'Brick', 'Peaky Blinders', 'Catch Me If You Can']"
187,"[""Aunty Donna's Big Ol' House of Fun"", ""ZZ TOP: THAT LITTLE OL' BAND FROM TEXAS"", 'Ancient Aliens', 'Planet Earth II', 'The Liar']","['Peaky Blinders', 'Brick', 'Before the Flood', 'Catch Me If You Can', 'Dead in a Week (Or Your Money Back)']","[""Aunty Donna's Big Ol' House of Fun"", 'Dead in a Week (Or Your Money Back)', 'Brick', 'Peaky Blinders', 'Catch Me If You Can']"
188,"['Insidious', 'The Minions of Midas', 'Unfriended', 'The Forest', 'Tales From the Hood 2']","['Peaky Blinders', 'Brick', 'Before the Flood', 'Catch Me If You Can', 'Dead in a Week (Or Your Money Back)']","['Dead in a Week (Or Your Money Back)', 'Brick', 'Insidious', 'The Minions of Midas', 'Peaky Blinders']"
189,"['Motel Makeover', 'Durarara!!', 'Cable Girls', 'The Society', 'Violet Evergarden: Special']","['Peaky Blinders', 'Brick', 'Before the Flood', 'Catch Me If You Can', 'Dead in a Week (Or Your Money Back)']","['Dead in a Week (Or Your Money Back)', 'Brick', 'Motel Makeover', 'Violet Evergarden: Special', 'The Society']"
190,"['Hometown Cha-Cha-Cha', 'The Minions of Midas', 'V Wars', '6 Years', 'Phone Swap']","['Peaky Blinders', 'Brick', 'Before the Flood', 'Catch Me If You Can', 'Dead in a Week (Or Your Money Back)']","['Dead in a Week (Or Your Money Back)', 'Brick', 'Hometown Cha-Cha-Cha', 'The Minions of Midas', 'Peaky Blinders']"
191,"['The Nutty Professor II: The Klumps', 'Merlin', 'Asu Mare 2', '6 Years', 'Phone Swap']","['Peaky Blinders', 'Brick', 'Before the Flood', 'Catch Me If You Can', 'Dead in a Week (Or Your Money Back)']","['Dead in a Week (Or Your Money Back)', 'Brick', 'Peaky Blinders', 'Catch Me If You Can', 'Phone Swap']"
192,"['The New Legends of Monkey', 'Nadiya Bakes', 'A Love So Beautiful', '6 Years', 'Last']","['Peaky Blinders', 'Brick', 'Before the Flood', 'Catch Me If You Can', 'Dead in a Week (Or Your Money Back)']","['A Love So Beautiful', 'Dead in a Week (Or Your Money Back)', 'Brick', 'Nadiya Bakes', 'The New Legends of Monkey']"
193,"['The New Legends of Monkey', 'Surviving Death', 'First Kiss', 'Transfers', 'Breaking Free']","['Peaky Blinders', 'Brick', 'Before the Flood', 'Catch Me If You Can', 'Dead in a Week (Or Your Money Back)']","['Dead in a Week (Or Your Money Back)', 'Brick', 'The New Legends of Monkey', 'Peaky Blinders', 'Catch Me If You Can']"
194,"['The Sky Is Pink', 'First Kiss', 'Dollar', 'Tramps', 'Phone Swap']","['Peaky Blinders', 'Brick', 'Before the Flood', 'Catch Me If You Can', 'Dead in a Week (Or Your Money Back)']","['Dead in a Week (Or Your Money Back)', 'Brick', 'Dollar', 'The Sky Is Pink', 'Peaky Blinders']"
195,"['The New Legends of Monkey', 'Surviving Death', 'Star Trek: Deep Space Nine', 'Be with You', 'Phone Swap']","['Peaky Blinders', 'Brick', 'Before the Flood', 'Catch Me If You Can', 'Dead in a Week (Or Your Money Back)']","['Be with You', 'Dead in a Week (Or Your Money Back)', 'Brick', 'The New Legends of Monkey', 'Star Trek: Deep Space Nine']"
196,"['EDENS ZERO', 'Twice Upon A Time', 'The Society', 'Love Storm', 'Big Bad Beetleborgs']","['Peaky Blinders', 'Brick', 'Before the Flood', 'Catch Me If You Can', 'Dead in a Week (Or Your Money Back)']","['Dead in a Week (Or Your Money Back)', 'Brick', 'The Society', 'Peaky Blinders', 'Catch Me If You Can']"
197,"['Nadiya Bakes', 'The Minions of Midas', 'The Blue Elephant 2', 'First Kiss', 'Transfers']","['Peaky Blinders', 'Brick', 'Before the Flood', 'Catch Me If You Can', 'Dead in a Week (Or Your Money Back)']","['Dead in a Week (Or Your Money Back)', 'Brick', 'Nadiya Bakes', 'The Blue Elephant 2', 'The Minions of Midas']"
198,"['Trese After Dark', 'First Kiss', 'Stay Tuned!', 'Arisan 2', 'Haapus']","['Peaky Blinders', 'Brick', 'Before the Flood', 'Catch Me If You Can', 'Dead in a Week (Or Your Money Back)']","['Dead in a Week (Or Your Money Back)', 'Arisan 2', 'Stay Tuned!', 'Brick', 'Peaky Blinders']"
199,"['Bangkok Love Stories: Innocence', 'I Will Follow', 'Put Your Head on My Shoulder', 'Club Friday To Be Continued - The Promise', 'The Cakemaker']","['Peaky Blinders', 'Brick', 'Before the Flood', 'Catch Me If You Can', 'Dead in a Week (Or Your Money Back)']","['Dead in a Week (Or Your Money Back)', 'Brick', 'Club Friday To Be Continued - The Promise', 'Bangkok Love Stories: Innocence', 'I Will Follow']"
200,"['The Stronghold', 'The Seven Deadly Sins', 'Godzilla Singular Point', ""JoJo's Bizarre Adventure"", 'Mine 9']","['Peaky Blinders', 'Brick', 'Before the Flood', 'Catch Me If You Can', 'Dead in a Week (Or Your Money Back)']","['Dead in a Week (Or Your Money Back)', 'Mine 9', ""JoJo's Bizarre Adventure"", 'Brick', 'Peaky Blinders']"